Medida;Tipo de medida;Acciones;Descripción de la accion;Área municipal responsable;Colaboradores;Posibles fuentes de financiamiento;Otros medios de implementación;Indicadores de orientación;Medio de verificación;Plazo máximo;Costo;Transformaciones;Comuna;Pagina donde empiezas a extraer la informacion de la fila
Fomento de producción y consumo local de producción agrícola sostenible;Adaptación - Mitigación;Desarrollo Económico Verde 1.1;Coordinar con productores locales para la creación de un mercados campesino a través de la postulación al Programa Mercados Campesinos de Indap.;Desarrollo Rural y Fomento Productivo;Indap (Prodesal y PDTI), INIA, SAG;Financiamiento sectorial del Ministerio de Agricultura para la implementación de mercados campesinos, transferencia de conocimientos y prácticas.;Gestionar estrategia de difusión para la promoción del consumo de productos locales producidos bajo prácticas de agricultura sostenible. Coordinar con iniciativas locales que tengan prácticas productivas sostenibles para postular a fondos, por ejemplo el programa “Agroecológica para el buen vivir”.;Indicador 1 Número de agricultores que aplican prácticas sostenibles en la producción.;Actas de reuniones establecidas;2030;$0;Potenciar la economía verde;La Unión;162
Fomento de producción y consumo local de producción agrícola sostenible;Adaptación - Mitigación;Desarrollo Económico Verde 1.2;Sensibilizar a través de una charla informativa respecto al programa Transición a la Agricultura Sostenible de Indap a los productores de los Mercados Campesinos.;Desarrollo Rural y Fomento Productivo;Indap (Prodesal y PDTI), INIA, SAG;Financiamiento sectorial del Ministerio de Agricultura para la implementación de mercados campesinos, transferencia de conocimientos y prácticas.;Gestionar estrategia de difusión para la promoción del consumo de productos locales producidos bajo prácticas de agricultura sostenible. Coordinar con iniciativas locales que tengan prácticas productivas sostenibles para postular a fondos, por ejemplo el programa “Agroecológica para el buen vivir”.;Indicador 1 Número de agricultores que aplican prácticas sostenibles en la producción.;Actas de reuniones establecidas;2030;$0;Potenciar la economía verde;La Unión;163
Fomento de producción y consumo local de producción agrícola sostenible;Adaptación - Mitigación;Desarrollo Económico Verde 1.3;Asesorar iniciativas locales de prácticas productivas sostenibles en la postulación a fondos que permitan darles continuidad.;Desarrollo Rural y Fomento Productivo;Indap (Prodesal y PDTI), INIA, SAG;Financiamiento sectorial del Ministerio de Agricultura para la implementación de mercados campesinos, transferencia de conocimientos y prácticas.;Gestionar estrategia de difusión para la promoción del consumo de productos locales producidos bajo prácticas de agricultura sostenible. Coordinar con iniciativas locales que tengan prácticas productivas sostenibles para postular a fondos, por ejemplo el programa “Agroecológica para el buen vivir”.;Indicador 1 Número de agricultores que aplican prácticas sostenibles en la producción.;Actas de reuniones establecidas;2030;$2.000.000;Potenciar la economía verde;La Unión;163
Fomento de producción y consumo local de producción agrícola sostenible;Adaptación - Mitigación;Desarrollo Económico Verde 1.4;Sensibilizar a través de una charla informativa a productores lecheros para certificarse bajo el programa Chile Origen Consciente, bajo el Estándar Sector Lácteo.;Desarrollo Rural y Fomento Productivo;Indap (Prodesal y PDTI), INIA, SAG;Financiamiento sectorial del Ministerio de Agricultura para la implementación de mercados campesinos, transferencia de conocimientos y prácticas.;Gestionar estrategia de difusión para la promoción del consumo de productos locales producidos bajo prácticas de agricultura sostenible. Coordinar con iniciativas locales que tengan prácticas productivas sostenibles para postular a fondos, por ejemplo el programa “Agroecológica para el buen vivir”.;Indicador 1 Número de agricultores que aplican prácticas sostenibles en la producción.;Registros de la realización de charla informativa;2030;$0;Potenciar la economía verde;La Unión;164
Fomento de producción y consumo local de producción agrícola sostenible;Adaptación - Mitigación;Desarrollo Económico Verde 1.5;Gestionar para la realización de talleres y charlas de transferencia técnica a nivel local de INIA sobre agroecológica, y SAG sobre agricultura orgánica, en espacio municipal.;Desarrollo Rural y Fomento Productivo;Indap (Prodesal y PDTI), INIA, SAG;Financiamiento sectorial del Ministerio de Agricultura para la implementación de mercados campesinos, transferencia de conocimientos y prácticas.;Gestionar estrategia de difusión para la promoción del consumo de productos locales producidos bajo prácticas de agricultura sostenible. Coordinar con iniciativas locales que tengan prácticas productivas sostenibles para postular a fondos, por ejemplo el programa “Agroecológica para el buen vivir”.;Indicador 1 Número de agricultores que aplican prácticas sostenibles en la producción.;Oficios a INIA e SAG sobre la realización de charlas a nivel local;2030;$0;Potenciar la economía verde;La Unión;164
Fomento de producción y consumo local de producción agrícola sostenible;Adaptación - Mitigación;Desarrollo Económico Verde 1.6;Difundir a través de una charla informativa respecto a las opciones de financiamiento existentes de prácticas alternativas de quemas agrícolas, alternativas de fertilización orgánica y cuidado de suelos de programas del SAG.;Desarrollo Rural y Fomento Productivo;Indap (Prodesal y PDTI), INIA, SAG;Financiamiento sectorial del Ministerio de Agricultura para la implementación de mercados campesinos, transferencia de conocimientos y prácticas.;Gestionar estrategia de difusión para la promoción del consumo de productos locales producidos bajo prácticas de agricultura sostenible. Coordinar con iniciativas locales que tengan prácticas productivas sostenibles para postular a fondos, por ejemplo el programa “Agroecológica para el buen vivir”.;Indicador 1 Número de agricultores que aplican prácticas sostenibles en la producción.;Registros de la realización de charla informativa;2030;$0;Potenciar la economía verde;La Unión;165
Fomento de producción y consumo local de producción agrícola sostenible;Adaptación - Mitigación;Desarrollo Económico Verde 1.7;Gestionar la creación de "Sello de producto local" para la comuna de La Unión, que agregue valor a productos locales producidos bajo prácticas sostenibles.;Desarrollo Rural y Fomento Productivo;Indap (Prodesal y PDTI), INIA, SAG;Financiamiento sectorial del Ministerio de Agricultura para la implementación de mercados campesinos, transferencia de conocimientos y prácticas.;Gestionar estrategia de difusión para la promoción del consumo de productos locales producidos bajo prácticas de agricultura sostenible. Coordinar con iniciativas locales que tengan prácticas productivas sostenibles para postular a fondos, por ejemplo el programa “Agroecológica para el buen vivir”.;Indicador 1 Número de agricultores que aplican prácticas sostenibles en la producción.;Protocolo de sello "Producto Local La Unión";2030;$3.200.000;Potenciar la economía verde;La Unión;165
Fomento de producción y consumo local de producción agrícola sostenible;Adaptación - Mitigación;Desarrollo Económico Verde 1.8;Instancia de intercambio de conocimientos entre las comunidades indígenas y los productores locales para promover una agricultura más sostenible y resiliente al cambio climático.;Desarrollo Rural y Fomento Productivo;Indap (Prodesal y PDTI), INIA, SAG;Financiamiento sectorial del Ministerio de Agricultura para la implementación de mercados campesinos, transferencia de conocimientos y prácticas.;Gestionar estrategia de difusión para la promoción del consumo de productos locales producidos bajo prácticas de agricultura sostenible. Coordinar con iniciativas locales que tengan prácticas productivas sostenibles para postular a fondos, por ejemplo el programa “Agroecológica para el buen vivir”.;Indicador 1 Número de agricultores que aplican prácticas sostenibles en la producción.;Registros de instancias de intercambio de saberes de comunidades indígenas;2030;$1.500.000;Potenciar la economía verde;La Unión;166
Fomentar la diversidad agrícola con capacidad adaptativa;Adaptación;Desarrollo Económico Verde 2.1;Generar instancias de intercambio de semillas de productores locales para aumentar la diversidad de cultivos agrícolas, rescatando y valorizando especies y variedades locales, en especial aquellas valoradas por los pueblos originarios.;Desarrollo Rural;Indap (Prodesal, PDTI) INIA, Odepa;Financiamiento sectorial del Ministerio de Agricultura (INIA, Indap y Odepa) para la adquisición de semillas y difusión de información respecto a alternativas de manejo. Iniciativas de huertos urbanos podrían ser financiadas por el programa “Promoción de entornos saludables” del sistema Elige Vivir Sano del Ministerio de Desarrollo Social y Familia.;Difusión de instancias de intercambio de semillas y de huertos comunitarios para empoderar a la comunidad. Odepa e INIA deberán contar con la información para la región disponible para difundir.;Indicador 1 Número de productores que incorporan prácticas adaptativas;Registros de instancias de intercambio de semillas gestionadas por la Municipalidad.;2030;$1.500.000;Potenciar la economía verde;La Unión;167
Fomentar la diversidad agrícola con capacidad adaptativa;Adaptación;Desarrollo Económico Verde 2.2;Difundir a través de una charla informativa los programas existentes del INIA para la adquisición de semillas de especies y variedades adaptadas a las nuevas condiciones agroclimáticas.;Desarrollo Rural;Indap (Prodesal, PDTI) INIA, Odepa;Financiamiento sectorial del Ministerio de Agricultura (INIA, Indap y Odepa) para la adquisición de semillas y difusión de información respecto a alternativas de manejo. Iniciativas de huertos urbanos podrían ser financiadas por el programa “Promoción de entornos saludables” del sistema Elige Vivir Sano del Ministerio de Desarrollo Social y Familia.;Difusión de instancias de intercambio de semillas y de huertos comunitarios para empoderar a la comunidad. Odepa e INIA deberán contar con la información para la región disponible para difundir.;Indicador 1 Número de productores que incorporan prácticas adaptativas;Registros de la realización de charla informativa;2030;$0;Potenciar la economía verde;La Unión;167
Fomentar la diversidad agrícola con capacidad adaptativa;Adaptación;Desarrollo Económico Verde 2.3;Levantar y difundir información respecto a alternativas de manejo que permitan a los productores adaptarse mejor a las condiciones locales, como cambio en los calendarios de siembra, estacionalidad, calendarios ancestrales que utilizan los pueblos originarios y reducción del estrés térmico que sean pertinentes a la comuna.;Desarrollo Rural;Indap (Prodesal, PDTI) INIA, Odepa;Financiamiento sectorial del Ministerio de Agricultura (INIA, Indap y Odepa) para la adquisición de semillas y difusión de información respecto a alternativas de manejo. Iniciativas de huertos urbanos podrían ser financiadas por el programa “Promoción de entornos saludables” del sistema Elige Vivir Sano del Ministerio de Desarrollo Social y Familia.;Difusión de instancias de intercambio de semillas y de huertos comunitarios para empoderar a la comunidad. Odepa e INIA deberán contar con la información para la región disponible para difundir.;Indicador 1 Número de productores que incorporan prácticas adaptativas;Oficio a Odepa e INIA sobre información recopilada para adaptación al cambio climático.;2030;$500.000;Potenciar la economía verde;La Unión;168
Fomentar la diversidad agrícola con capacidad adaptativa;Adaptación;Desarrollo Económico Verde 2.4;Fortalecer y promover huertos o invernaderos comunitarios existentes (prioridad) y/o creación de nuevos huertos comunitarios a través del apoyo a la postulación de fondos para la instalación o mantención de huertos comunitarios.;Desarrollo Rural;Indap (Prodesal, PDTI) INIA, Odepa;Financiamiento sectorial del Ministerio de Agricultura (INIA, Indap y Odepa) para la adquisición de semillas y difusión de información respecto a alternativas de manejo. Iniciativas de huertos urbanos podrían ser financiadas por el programa “Promoción de entornos saludables” del sistema Elige Vivir Sano del Ministerio de Desarrollo Social y Familia.;Difusión de instancias de intercambio de semillas y de huertos comunitarios para empoderar a la comunidad. Odepa e INIA deberán contar con la información para la región disponible para difundir.;Indicador 1 Número de productores que incorporan prácticas adaptativas;Registro de actividades de fortalecimiento y promoción y/o contrato tramitado con proveedor para creación de al menos uno nuevo huerto;2030;$6.000.000;Potenciar la economía verde;La Unión;169
Fomento de líneas de experiencia turísticas alternativas;Adaptación;Desarrollo Económico Verde 3.1;Conformar mesa de trabajo o convenio de colaboración con Sernatur para extender la implementación del índice de saturación de destinos turísticos en los destinos turísticos con riesgo de pérdida de atractivo turístico por pérdida de biodiversidad e incendios forestales.;Oficina de Turismo, Centro de Negocios;Sernatur;Presupuesto general del Ministerio de Obras Públicas (MOP), Fondo Nacional de Desarrollo Regional (FNDR), y presupuesto del Gobierno Regional (Gore).;Apoyar a los actores locales en el acceso a capacitaciones, como las actividades desarrolladas por Sernatur. Adicionalmente, apoyar en la difusión de las becas que entrega Sernatur para el fortalecimiento de capacidades en el sector turístico, especialmente a comunidades indígenas en el desarrollo de emprendimientos; para ello, fomentar el acceso a los Programas de Desarrollo Territorial Indígena de Indap y Conadi (PDTI), y al Fondo Único de Financiamiento (FUF) de Indap. Sernatur y la municipalidad coordinarán los esfuerzos de fomento de líneas turísticas alternativas.;Indicador 1 índice de saturación desarrollado para destinos con mayor riesgo de pérdida de biodiversidad e incendios forestales.;Oficio con solicitud a Sernatur;NA;$0;Potenciar la economía verde;La Unión;170
Fomento de líneas de experiencia turísticas alternativas;Adaptación;Desarrollo Económico Verde 3.2;Conformar mesa de trabajo con operadores turísticos comunales, con enfoque de género y en conjunto con las comunidades mapuches que realizan actividades de turismo en la comuna, para potenciar nuevas experiencias y destinos turísticos.;Oficina de Turismo, Centro de Negocios;Sernatur;Presupuesto general del Ministerio de Obras Públicas (MOP), Fondo Nacional de Desarrollo Regional (FNDR), y presupuesto del Gobierno Regional (Gore).;Apoyar a los actores locales en el acceso a capacitaciones, como las actividades desarrolladas por Sernatur. Adicionalmente, apoyar en la difusión de las becas que entrega Sernatur para el fortalecimiento de capacidades en el sector turístico, especialmente a comunidades indígenas en el desarrollo de emprendimientos; para ello, fomentar el acceso a los Programas de Desarrollo Territorial Indígena de Indap y Conadi (PDTI), y al Fondo Único de Financiamiento (FUF) de Indap. Sernatur y la municipalidad coordinarán los esfuerzos de fomento de líneas turísticas alternativas.;Indicador 1 índice de saturación desarrollado para destinos con mayor riesgo de pérdida de biodiversidad e incendios forestales.;Mesa de trabajo conformada;2030;$0;Potenciar la economía verde;La Unión;170
Fomento de líneas de experiencia turísticas alternativas;Adaptación;Desarrollo Económico Verde 3.3;Elaboración de campañas anuales de marketing y difusión de los destinos turísticos en apoyo de Sernatur;Oficina de Turismo, Centro de Negocios;Sernatur;Presupuesto general del Ministerio de Obras Públicas (MOP), Fondo Nacional de Desarrollo Regional (FNDR), y presupuesto del Gobierno Regional (Gore).;Apoyar a los actores locales en el acceso a capacitaciones, como las actividades desarrolladas por Sernatur. Adicionalmente, apoyar en la difusión de las becas que entrega Sernatur para el fortalecimiento de capacidades en el sector turístico, especialmente a comunidades indígenas en el desarrollo de emprendimientos; para ello, fomentar el acceso a los Programas de Desarrollo Territorial Indígena de Indap y Conadi (PDTI), y al Fondo Único de Financiamiento (FUF) de Indap. Sernatur y la municipalidad coordinarán los esfuerzos de fomento de líneas turísticas alternativas.;Indicador 1 índice de saturación desarrollado para destinos con mayor riesgo de pérdida de biodiversidad e incendios forestales.;Registros de la campaña;2030;$23.000.000;Potenciar la economía verde;La Unión;171
Fomento de prácticas de mitigación y adaptación en establecimientos turísticos de la comuna;Adaptación - Mitigación;Desarrollo Económico Verde 4.1;Difundir en plataformas locales los establecimientos con sello S y promover su adopción entre operadores locales.;Oficina de Turismo, Centro de Negocios;Sernatur;Presupuesto municipal;Coordinación con Sernatur para apoyar en la adopción del sello;Indicador 1 Número de establecimientos con Sello de Turismo Sustentable S - Nivel 3 / Total establecimientos registrados en Sernatur para la comuna;Publicación en plataformas y/o medios de comunicación locales;2030;$500.000;Potenciar la economía verde;La Unión;171
Fomento de prácticas sustentables en las pesquerías;Adaptación - Mitigación;Desarrollo Económico Verde 5.1;Colaborar con Sernapesca en la implementación de planes de manejo en pesquerías locales en la comuna a través de un convenio de colaboración y/o mesa de trabajo, y desarrollar guías de prácticas sustentables en la pesca artesanal.;Dirección de Desarrollo Comunitario (Dideco);Sernapesca;Programas de la Subsecretaría de Desarrollo Regional y gobiernos regionales en coordinación con el Ministerio de Economía (Subsecretaría de Pesca);Fomentar el acceso a la información de fondos públicos disponibles, así como subsidios a la actividad de pesca artesanal;Indicador 1: pesquerías con planes de manejo Número de pesquerías con instrumentos de manejo sustentable (e.g. Planes de manejo, AMERB)/ Total pesquerías artesanales;Mesa de trabajo conformada y/o convenio de colaboración firmado;2030;$0;Potenciar la economía verde;La Unión;172
Fomento de prácticas sustentables en las pesquerías;Adaptación - Mitigación;Desarrollo Económico Verde 5.2;Desarrollar una campaña de concientización del cambio climático y prácticas sustentables en la pesca artesanal dirigida a los pescadores en la comuna, considerando diferentes medios de difusión, incluyendo la colaboración con asociaciones de pescadores.;Dirección de Desarrollo Comunitario (Dideco);Sernapesca;Programas de la Subsecretaría de Desarrollo Regional y gobiernos regionales en coordinación con el Ministerio de Economía (Subsecretaría de Pesca);Fomentar el acceso a la información de fondos públicos disponibles, así como subsidios a la actividad de pesca artesanal;Indicador 1: pesquerías con planes de manejo Número de pesquerías con instrumentos de manejo sustentable (e.g. Planes de manejo, AMERB)/ Total pesquerías artesanales;Campaña de concientización en medios locales, medios digitales y/o eventos.;2030;$4.000.000;Potenciar la economía verde;La Unión;172
Contribuir a la conservación y gestión sustentable de humedales;Adaptación - Mitigación;Servicios Ecosistémicos 1.1;Evaluar, seleccionar e implementar una figura de protección para humedales en la comuna.;Departamento de Medio Ambiente, Aseo y Ornato;Seremi del Medio Ambiente Dirección de Administración de Educación Municipal (DAEM);Existen diversas fuentes de financiamiento posibles, incluyendo fuentes internacionales. Sin embargo se recomienda priorizar la búsqueda en: FNDR para implementar figuras de protección de humedales. Proyectos 8% FNDR para la comunidad. FPA y convenios con privados para implementar Planes de Gestión Integral. Tener en consideración también: fondos Subdere, Fondo Mundial para el Medio Ambiente (GEF), fondos de ONG y financiamiento de privados, entre otros.;Coordinación con Seremi del Medio Ambiente para establecer figura de protección formal en base al Servicio de Biodiversidad y Áreas Protegidas (SBAP). Catastro de humedales rurales y urbanos. Reconocimiento del valor ambiental y protección de humedales en el Plan Regulador Intercomunal del Borde Costero.;% de avance en protección de humedales vía figura formal. Número de humedales protegidos por medio de figura formal / Número de humedales seleccionados según acción Servicios Ecosistémicos 1.1;Informe con la evaluación y selección de la figura de protección para cada humedal seleccionado, y antecedentes enviados mediante oficios al Gore para su incorporación a instrumentos de planificación territorial (IPT) a nivel regional.;2030;$35.000.000;Conservar y mejorar los servicios ecosistémicos;La Unión;191
Contribuir a la conservación y gestión sustentable de humedales;Adaptación - Mitigación;Servicios Ecosistémicos 1.2;Conformar alianzas por medio de mesas de trabajo y/o convenios de colaboración para desarrollar Planes de Gestión Integral para humedales seleccionados.;Departamento de Medio Ambiente, Aseo y Ornato;Seremi del Medio Ambiente Dirección de Administración de Educación Municipal (DAEM);Existen diversas fuentes de financiamiento posibles, incluyendo fuentes internacionales. Sin embargo se recomienda priorizar la búsqueda en: FNDR para implementar figuras de protección de humedales. Proyectos 8% FNDR para la comunidad. FPA y convenios con privados para implementar Planes de Gestión Integral. Tener en consideración también: fondos Subdere, Fondo Mundial para el Medio Ambiente (GEF), fondos de ONG y financiamiento de privados, entre otros.;Coordinación con Seremi del Medio Ambiente para establecer figura de protección formal en base al Servicio de Biodiversidad y Áreas Protegidas (SBAP). Catastro de humedales rurales y urbanos. Reconocimiento del valor ambiental y protección de humedales en el Plan Regulador Intercomunal del Borde Costero.;% de avance en protección de humedales vía figura formal. Número de humedales protegidos por medio de figura formal / Número de humedales seleccionados según acción Servicios Ecosistémicos 1.1;Conformación de mesa de trabajo o convenio de colaboración que incluya este objetivo.;2030;$0;Conservar y mejorar los servicios ecosistémicos;La Unión;192
Contribuir a la conservación y gestión sustentable de humedales;Adaptación - Mitigación;Servicios Ecosistémicos 1.3;Realizar actividades de educación ambiental y de sensibilización de la comunidad sobre la importancia de los humedales en conjunto con la Seremi del Medio Ambiente y/u otros actores relevantes. Incluirá difusión de posibles líneas de financiamiento comunitario.;Departamento de Medio Ambiente, Aseo y Ornato;Seremi del Medio Ambiente Dirección de Administración de Educación Municipal (DAEM);Existen diversas fuentes de financiamiento posibles, incluyendo fuentes internacionales. Sin embargo se recomienda priorizar la búsqueda en: FNDR para implementar figuras de protección de humedales. Proyectos 8% FNDR para la comunidad. FPA y convenios con privados para implementar Planes de Gestión Integral. Tener en consideración también: fondos Subdere, Fondo Mundial para el Medio Ambiente (GEF), fondos de ONG y financiamiento de privados, entre otros.;Coordinación con Seremi del Medio Ambiente para establecer figura de protección formal en base al Servicio de Biodiversidad y Áreas Protegidas (SBAP). Catastro de humedales rurales y urbanos. Reconocimiento del valor ambiental y protección de humedales en el Plan Regulador Intercomunal del Borde Costero.;% de avance en protección de humedales vía figura formal. Número de humedales protegidos por medio de figura formal / Número de humedales seleccionados según acción Servicios Ecosistémicos 1.1;Actas, fotos y videos que evidencien la realización de esta acción;2030;$7.500.000;Conservar y mejorar los servicios ecosistémicos;La Unión;193
Contribuir a la conservación y gestión sustentable de humedales;Adaptación - Mitigación;Servicios Ecosistémicos 1.4;Reforzar y priorizar labores de fiscalización en humedales seleccionados, para asegurar cumplimiento de normativa ambiental.;Departamento de Medio Ambiente, Aseo y Ornato;Seremi del Medio Ambiente Dirección de Administración de Educación Municipal (DAEM);Existen diversas fuentes de financiamiento posibles, incluyendo fuentes internacionales. Sin embargo se recomienda priorizar la búsqueda en: FNDR para implementar figuras de protección de humedales. Proyectos 8% FNDR para la comunidad. FPA y convenios con privados para implementar Planes de Gestión Integral. Tener en consideración también: fondos Subdere, Fondo Mundial para el Medio Ambiente (GEF), fondos de ONG y financiamiento de privados, entre otros.;Coordinación con Seremi del Medio Ambiente para establecer figura de protección formal en base al Servicio de Biodiversidad y Áreas Protegidas (SBAP). Catastro de humedales rurales y urbanos. Reconocimiento del valor ambiental y protección de humedales en el Plan Regulador Intercomunal del Borde Costero.;% de avance en protección de humedales vía figura formal. Número de humedales protegidos por medio de figura formal / Número de humedales seleccionados según acción Servicios Ecosistémicos 1.1;Actas, fotos y videos que evidencien la realización de esta acción;2030;$18.000.000;Conservar y mejorar los servicios ecosistémicos;La Unión;193
Contribuir a la conservación y gestión sustentable de humedales;Adaptación - Mitigación;Servicios Ecosistémicos 1.5;Establecer una ordenanza municipal de protección de humedales.;Departamento de Medio Ambiente, Aseo y Ornato;Seremi del Medio Ambiente Dirección de Administración de Educación Municipal (DAEM);Existen diversas fuentes de financiamiento posibles, incluyendo fuentes internacionales. Sin embargo se recomienda priorizar la búsqueda en: FNDR para implementar figuras de protección de humedales. Proyectos 8% FNDR para la comunidad. FPA y convenios con privados para implementar Planes de Gestión Integral. Tener en consideración también: fondos Subdere, Fondo Mundial para el Medio Ambiente (GEF), fondos de ONG y financiamiento de privados, entre otros.;Coordinación con Seremi del Medio Ambiente para establecer figura de protección formal en base al Servicio de Biodiversidad y Áreas Protegidas (SBAP). Catastro de humedales rurales y urbanos. Reconocimiento del valor ambiental y protección de humedales en el Plan Regulador Intercomunal del Borde Costero.;% de avance en protección de humedales vía figura formal. Número de humedales protegidos por medio de figura formal / Número de humedales seleccionados según acción Servicios Ecosistémicos 1.1;Ordenanza aprobada;2026;$0;Conservar y mejorar los servicios ecosistémicos;La Unión;194
Conservación y Reforestación de Bosques Nativos para la Restauración de Cuencas;Adaptación - Mitigación;Servicios Ecosistémicos 2.1;Realizar campañas de educación ambiental y de sensibilización de la comunidad sobre la importancia de la restauración de cuencas y micro cuencas por medio de la reforestación del bosque nativo.;Departamento de Desarrollo Rural Departamento de Medio Ambiente, Aseo y Ornato;Seremi del Medio Ambiente Conaf Empresas forestales;Fondos sectoriales del Ministerio de Agricultura a través de Conaf y sus programas + Árboles Para Chile y Restauración de Bosque Nativo a Gran Escala.;1. Incluir elementos en el Plan Regulador del Borde Costero de Los Ríos (iniciativa en curso), que faciliten la implementación de esta medida, convirtiendo el PRI Borde Costero y la colaboración con las comunas costeras de la región en una base sólida para llevar a cabo las acciones propuestas. 2. Trabajo por medio de la Mesa Regional del Agua y también a través de asociaciones de municipios donde actualmente participa la comuna, o abogar por participar en alguna existente, como la Asociación de Municipalidades Paisajes de Conservación para la Biodiversidad de Los Ríos. 3. Promover la participación de actores clave en la Mesa Regional del Agua, como empresas forestales y propietarios prediales, Conaf, Dirección General de Aguas (DGA-MOP), Infor o comités APR, entre otros. 4. Incluir en la mesa de trabajo con la Seremi del Medio Ambiente al Comité Ambiental Comunal.;% de superficie intervenida (vía protección formal y/o acciones de restauración) lograda durante el periodo del PACCC. Número de hectáreas reforestadas con influencia en caudales superficiales.;Actas y/o registros (fotos y/o videos) que evidencien la realización de esta acción;2030;$4.000.000;Conservar y mejorar los servicios ecosistémicos;La Unión;194
Conservación y Reforestación de Bosques Nativos para la Restauración de Cuencas;Adaptación - Mitigación;Servicios Ecosistémicos 2.2;Promover el diseño e implementación de acuerdos público-privados y acciones de restauración de cuencas en la comuna por medio de instancias de coordinación regionales como la Mesa Regional del Agua.;Departamento de Desarrollo Rural Departamento de Medio Ambiente, Aseo y Ornato;Seremi del Medio Ambiente Conaf Empresas forestales;Fondos sectoriales del Ministerio de Agricultura a través de Conaf y sus programas + Árboles Para Chile y Restauración de Bosque Nativo a Gran Escala.;1. Incluir elementos en el Plan Regulador del Borde Costero de Los Ríos (iniciativa en curso), que faciliten la implementación de esta medida, convirtiendo el PRI Borde Costero y la colaboración con las comunas costeras de la región en una base sólida para llevar a cabo las acciones propuestas. 2. Trabajo por medio de la Mesa Regional del Agua y también a través de asociaciones de municipios donde actualmente participa la comuna, o abogar por participar en alguna existente, como la Asociación de Municipalidades Paisajes de Conservación para la Biodiversidad de Los Ríos. 3. Promover la participación de actores clave en la Mesa Regional del Agua, como empresas forestales y propietarios prediales, Conaf, Dirección General de Aguas (DGA-MOP), Infor o comités APR, entre otros. 4. Incluir en la mesa de trabajo con la Seremi del Medio Ambiente al Comité Ambiental Comunal.;% de superficie intervenida (vía protección formal y/o acciones de restauración) lograda durante el periodo del PACCC. Número de hectáreas reforestadas con influencia en caudales superficiales.;Actas de reuniones de la Mesa Regional del Agua, destacando el posicionamiento de acciones relacionadas con la restauración de ecosistemas de bosque nativo.;2030;$0;Conservar y mejorar los servicios ecosistémicos;La Unión;195
Conservación y Reforestación de Bosques Nativos para la Restauración de Cuencas;Adaptación - Mitigación;Servicios Ecosistémicos 2.3;Establecer una mesa de trabajo con la Seremi del Medio Ambiente y otros actores relevantes para la implementación de figuras de protección ambiental formal de áreas de relevancia ecosistémica en la comuna, además de establecer objetivos y metas de restauración de las cuencas.;Departamento de Desarrollo Rural Departamento de Medio Ambiente, Aseo y Ornato;Seremi del Medio Ambiente Conaf Empresas forestales;Fondos sectoriales del Ministerio de Agricultura a través de Conaf y sus programas + Árboles Para Chile y Restauración de Bosque Nativo a Gran Escala.;1. Incluir elementos en el Plan Regulador del Borde Costero de Los Ríos (iniciativa en curso), que faciliten la implementación de esta medida, convirtiendo el PRI Borde Costero y la colaboración con las comunas costeras de la región en una base sólida para llevar a cabo las acciones propuestas. 2. Trabajo por medio de la Mesa Regional del Agua y también a través de asociaciones de municipios donde actualmente participa la comuna, o abogar por participar en alguna existente, como la Asociación de Municipalidades Paisajes de Conservación para la Biodiversidad de Los Ríos. 3. Promover la participación de actores clave en la Mesa Regional del Agua, como empresas forestales y propietarios prediales, Conaf, Dirección General de Aguas (DGA-MOP), Infor o comités APR, entre otros. 4. Incluir en la mesa de trabajo con la Seremi del Medio Ambiente al Comité Ambiental Comunal.;% de superficie intervenida (vía protección formal y/o acciones de restauración) lograda durante el periodo del PACCC. Número de hectáreas reforestadas con influencia en caudales superficiales.;Mesa de trabajo establecida y listado de áreas de relevancia ecosistémica;2030;$5.000.000;Conservar y mejorar los servicios ecosistémicos;La Unión;196
Gestión del riesgo de incendios;Adaptación - Mitigación;Servicios Ecosistémicos 3.1;Elaborar un convenio de colaboración o mesa de trabajo con Conaf y otros actores relevantes, para establecer roles y responsabilidades del municipio en torno a la prevención de incendios forestales y a la aplicación de los programas existentes de Conaf en esta materia.;Emergencias Oficina de Pueblos Originarios Oficina de Organizaciones Comunitarias Dideco;Conaf, Empresas forestales;Financiamiento sectorial del Ministerio de Agricultura Asociaciones público-privadas e inversión privada Subsecretaría de Desarrollo Regional Gobierno Regional;Convenio de colaboración con Conaf Coordinación con actores locales para mesa de trabajo Educación y difusión de medidas preventivas frente a incendios, generando convenios con organismos públicos o empresas privadas para su ejecución;Indicador 1 Porcentaje de superficie incendiada respecto a la totalidad con bosques y plantaciones forestales;Convenio de colaboración firmado o mesa de trabajo establecida con identificación de roles y responsabilidades.;2026;$0;Conservar y mejorar los servicios ecosistémicos;La Unión;196
Gestión del riesgo de incendios;Adaptación - Mitigación;Servicios Ecosistémicos 3.2;Desarrollar una campaña de información a la población general sobre medidas preventivas, incluyendo protección de viviendas, con especial énfasis en la interfaz urbano-rural.;Emergencias Oficina de Pueblos Originarios Oficina de Organizaciones Comunitarias Dideco;Conaf, Empresas forestales;Financiamiento sectorial del Ministerio de Agricultura Asociaciones público-privadas e inversión privada Subsecretaría de Desarrollo Regional Gobierno Regional;Convenio de colaboración con Conaf Coordinación con actores locales para mesa de trabajo Educación y difusión de medidas preventivas frente a incendios, generando convenios con organismos públicos o empresas privadas para su ejecución;Indicador 1 Porcentaje de superficie incendiada respecto a la totalidad con bosques y plantaciones forestales;Registros de la campaña.;2027;$4.000.000;Conservar y mejorar los servicios ecosistémicos;La Unión;197
Gestión del riesgo de incendios;Adaptación - Mitigación;Servicios Ecosistémicos 3.3;Avanzar la medida por medio de la mesa de trabajo de prevención de incendios forestales donde participa Conaf, comunidades, empresas forestales, asegurando también la participación de pueblos originarios.;Emergencias Oficina de Pueblos Originarios Oficina de Organizaciones Comunitarias Dideco;Conaf, Empresas forestales;Financiamiento sectorial del Ministerio de Agricultura Asociaciones público-privadas e inversión privada Subsecretaría de Desarrollo Regional Gobierno Regional;Convenio de colaboración con Conaf Coordinación con actores locales para mesa de trabajo Educación y difusión de medidas preventivas frente a incendios, generando convenios con organismos públicos o empresas privadas para su ejecución;Indicador 1 Porcentaje de superficie incendiada respecto a la totalidad con bosques y plantaciones forestales;Actas de reuniones de la mesa de trabajo;2025;$0;Conservar y mejorar los servicios ecosistémicos;La Unión;198
Mejorar la gestión y eficiencia del uso del agua a nivel domiciliario y de espacios públicos en zonas urbanas y rurales;Adaptación;Seguridad Hídrica 1.1;Identificar geoespacialmente todas las viviendas urbanas y rurales sin acceso a fuentes de agua mejorada (donde fuente mejorada implica que está ubicada dentro de la vivienda o en el patio o parcela de la misma, está disponible en el momento en que se la necesita, cumple con los estándares para contaminantes fecales y químicos prioritarios);Departamento de Medio Ambiente, Aseo y Ornato SECPLAN Desarrollo Rural DIDECO;SEREMI MINVU CONAF COMITéS APRs;Fondos GORE (FNDR, FRIL FIC-R) Fondos SUBDERE - Programa Mejoramiento Urbano y equipamiento comunal (PMU) Fondos MOP (programas específicos del MOP para mejorar la infraestructura hídrica y tecnológica, programa de financiamiento APRs) Fondos propios del municipio;Coordinación con Comités de APR en la comuna y diagnóstico del estado de los mismos, en cuanto al nivel de eficiencia hídrica y pérdidas en los sistemas. Actualización del PRC, urbanizando zonas densamente pobladas con escasez hídrica sin infraestructura de agua potable y alcantarillado. Incorporar en Plan Regulador Intercomunal de Borde Costero las zonas rurales con riesgo de escasez hídrica.;Indicador 1 Porcentaje de viviendas con soluciones implementadas, en base al total identificado. Indicador 2 Ahorro de agua en riego municipal con respecto a la línea base;Información SIG disponible;2026;$13.000.000;Fortalecer la seguridad hídrica;La Unión;208
Mejorar la gestión y eficiencia del uso del agua a nivel domiciliario y de espacios públicos en zonas urbanas y rurales;Adaptación;Seguridad Hídrica 1.2;Levantar una cartera de soluciones (tecnológicas, basadas en la naturaleza, de planificación territorial y/o de gestión) que mejoren el nivel de acceso a fuentes de agua mejorada y la continuidad del servicio, para las viviendas identificadas en la acción 1.1.;Departamento de Medio Ambiente, Aseo y Ornato SECPLAN Desarrollo Rural DIDECO;SEREMI MINVU CONAF COMITéS APRs;Fondos GORE (FNDR, FRIL FIC-R) Fondos SUBDERE - Programa Mejoramiento Urbano y equipamiento comunal (PMU) Fondos MOP (programas específicos del MOP para mejorar la infraestructura hídrica y tecnológica, programa de financiamiento APRs) Fondos propios del municipio;Coordinación con Comités de APR en la comuna y diagnóstico del estado de los mismos, en cuanto al nivel de eficiencia hídrica y pérdidas en los sistemas. Actualización del PRC, urbanizando zonas densamente pobladas con escasez hídrica sin infraestructura de agua potable y alcantarillado. Incorporar en Plan Regulador Intercomunal de Borde Costero las zonas rurales con riesgo de escasez hídrica.;Indicador 1 Porcentaje de viviendas con soluciones implementadas, en base al total identificado. Indicador 2 Ahorro de agua en riego municipal con respecto a la línea base;Cartera de soluciones;2028;$30.000.000;Fortalecer la seguridad hídrica;La Unión;209
Mejorar la gestión y eficiencia del uso del agua a nivel domiciliario y de espacios públicos en zonas urbanas y rurales;Adaptación;Seguridad Hídrica 1.3;Generar un plan de acción para que las soluciones levantadas se ejecuten, identificando actores responsables, plazos y fuentes de financiamiento.;Departamento de Medio Ambiente, Aseo y Ornato SECPLAN Desarrollo Rural DIDECO;SEREMI MINVU CONAF COMITéS APRs;Fondos GORE (FNDR, FRIL FIC-R) Fondos SUBDERE - Programa Mejoramiento Urbano y equipamiento comunal (PMU) Fondos MOP (programas específicos del MOP para mejorar la infraestructura hídrica y tecnológica, programa de financiamiento APRs) Fondos propios del municipio;Coordinación con Comités de APR en la comuna y diagnóstico del estado de los mismos, en cuanto al nivel de eficiencia hídrica y pérdidas en los sistemas. Actualización del PRC, urbanizando zonas densamente pobladas con escasez hídrica sin infraestructura de agua potable y alcantarillado. Incorporar en Plan Regulador Intercomunal de Borde Costero las zonas rurales con riesgo de escasez hídrica.;Indicador 1 Porcentaje de viviendas con soluciones implementadas, en base al total identificado. Indicador 2 Ahorro de agua en riego municipal con respecto a la línea base;Plan de acción elaborado;2030;$5.000.000;Fortalecer la seguridad hídrica;La Unión;209
Mejorar la gestión y eficiencia del uso del agua a nivel domiciliario y de espacios públicos en zonas urbanas y rurales;Adaptación;Seguridad Hídrica 1.4;Promover participación de APRs en programas de financiamiento enfocados en incrementar su eficiencia hídrica.;Departamento de Medio Ambiente, Aseo y Ornato SECPLAN Desarrollo Rural DIDECO;SEREMI MINVU CONAF COMITéS APRs;Fondos GORE (FNDR, FRIL FIC-R) Fondos SUBDERE - Programa Mejoramiento Urbano y equipamiento comunal (PMU) Fondos MOP (programas específicos del MOP para mejorar la infraestructura hídrica y tecnológica, programa de financiamiento APRs) Fondos propios del municipio;Coordinación con Comités de APR en la comuna y diagnóstico del estado de los mismos, en cuanto al nivel de eficiencia hídrica y pérdidas en los sistemas. Actualización del PRC, urbanizando zonas densamente pobladas con escasez hídrica sin infraestructura de agua potable y alcantarillado. Incorporar en Plan Regulador Intercomunal de Borde Costero las zonas rurales con riesgo de escasez hídrica.;Indicador 1 Porcentaje de viviendas con soluciones implementadas, en base al total identificado. Indicador 2 Ahorro de agua en riego municipal con respecto a la línea base;Mesa de trabajo establecida con comités APR.;2026;$0;Fortalecer la seguridad hídrica;La Unión;210
Mejorar la gestión y eficiencia del uso del agua a nivel domiciliario y de espacios públicos en zonas urbanas y rurales;Adaptación;Seguridad Hídrica 1.5;Reemplazar la vegetación de alto consumo hídrico en espacios públicos por especies nativas seleccionadas.;Departamento de Medio Ambiente, Aseo y Ornato SECPLAN Desarrollo Rural DIDECO;SEREMI MINVU CONAF COMITéS APRs;Fondos GORE (FNDR, FRIL FIC-R) Fondos SUBDERE - Programa Mejoramiento Urbano y equipamiento comunal (PMU) Fondos MOP (programas específicos del MOP para mejorar la infraestructura hídrica y tecnológica, programa de financiamiento APRs) Fondos propios del municipio;Coordinación con Comités de APR en la comuna y diagnóstico del estado de los mismos, en cuanto al nivel de eficiencia hídrica y pérdidas en los sistemas. Actualización del PRC, urbanizando zonas densamente pobladas con escasez hídrica sin infraestructura de agua potable y alcantarillado. Incorporar en Plan Regulador Intercomunal de Borde Costero las zonas rurales con riesgo de escasez hídrica.;Indicador 1 Porcentaje de viviendas con soluciones implementadas, en base al total identificado. Indicador 2 Ahorro de agua en riego municipal con respecto a la línea base;Inventario de vegetación reemplazada;2030;$10.000.000;Fortalecer la seguridad hídrica;La Unión;210
Mejorar la gestión y eficiencia del uso del agua a nivel domiciliario y de espacios públicos en zonas urbanas y rurales;Adaptación;Seguridad Hídrica 1.6;Elaborar y publicar una ordenanza para asegurar que las nuevas áreas verdes tanto públicas como privadas, consideren especies nativas de bajo consumo hídrico.;Departamento de Medio Ambiente, Aseo y Ornato SECPLAN Desarrollo Rural DIDECO;SEREMI MINVU CONAF COMITéS APRs;Fondos GORE (FNDR, FRIL FIC-R) Fondos SUBDERE - Programa Mejoramiento Urbano y equipamiento comunal (PMU) Fondos MOP (programas específicos del MOP para mejorar la infraestructura hídrica y tecnológica, programa de financiamiento APRs) Fondos propios del municipio;Coordinación con Comités de APR en la comuna y diagnóstico del estado de los mismos, en cuanto al nivel de eficiencia hídrica y pérdidas en los sistemas. Actualización del PRC, urbanizando zonas densamente pobladas con escasez hídrica sin infraestructura de agua potable y alcantarillado. Incorporar en Plan Regulador Intercomunal de Borde Costero las zonas rurales con riesgo de escasez hídrica.;Indicador 1 Porcentaje de viviendas con soluciones implementadas, en base al total identificado. Indicador 2 Ahorro de agua en riego municipal con respecto a la línea base;Propuesta de ordenanza presentada al Concejo;2027;$0;Fortalecer la seguridad hídrica;La Unión;210
Mejorar la gestión y eficiencia del uso del agua a nivel domiciliario y de espacios públicos en zonas urbanas y rurales;Adaptación;Seguridad Hídrica 1.7;Definir e implementar una estrategia para fomentar la participación de mujeres y comunidades indígenas en Comités de Agua y en otras instancias de planificación y gestión de agua en la comuna;Departamento de Medio Ambiente, Aseo y Ornato SECPLAN Desarrollo Rural DIDECO;SEREMI MINVU CONAF COMITéS APRs;Fondos GORE (FNDR, FRIL FIC-R) Fondos SUBDERE - Programa Mejoramiento Urbano y equipamiento comunal (PMU) Fondos MOP (programas específicos del MOP para mejorar la infraestructura hídrica y tecnológica, programa de financiamiento APRs) Fondos propios del municipio;Coordinación con Comités de APR en la comuna y diagnóstico del estado de los mismos, en cuanto al nivel de eficiencia hídrica y pérdidas en los sistemas. Actualización del PRC, urbanizando zonas densamente pobladas con escasez hídrica sin infraestructura de agua potable y alcantarillado. Incorporar en Plan Regulador Intercomunal de Borde Costero las zonas rurales con riesgo de escasez hídrica.;Indicador 1 Porcentaje de viviendas con soluciones implementadas, en base al total identificado. Indicador 2 Ahorro de agua en riego municipal con respecto a la línea base;Estrategia disponible e informe de resultados disponible;2026;$5.000.000;Fortalecer la seguridad hídrica;La Unión;211
Mejorar la gestión y eficiencia del uso del agua a nivel domiciliario y de espacios públicos en zonas urbanas y rurales;Adaptación;Seguridad Hídrica 1.8;Implementar sistemas de riego eficientes, por goteo y con detección de fugas, en plazas y parques de la comuna.;Departamento de Medio Ambiente, Aseo y Ornato SECPLAN Desarrollo Rural DIDECO;SEREMI MINVU CONAF COMITéS APRs;Fondos GORE (FNDR, FRIL FIC-R) Fondos SUBDERE - Programa Mejoramiento Urbano y equipamiento comunal (PMU) Fondos MOP (programas específicos del MOP para mejorar la infraestructura hídrica y tecnológica, programa de financiamiento APRs) Fondos propios del municipio;Coordinación con Comités de APR en la comuna y diagnóstico del estado de los mismos, en cuanto al nivel de eficiencia hídrica y pérdidas en los sistemas. Actualización del PRC, urbanizando zonas densamente pobladas con escasez hídrica sin infraestructura de agua potable y alcantarillado. Incorporar en Plan Regulador Intercomunal de Borde Costero las zonas rurales con riesgo de escasez hídrica.;Indicador 1 Porcentaje de viviendas con soluciones implementadas, en base al total identificado. Indicador 2 Ahorro de agua en riego municipal con respecto a la línea base;Suscripción de contrato con proveedor.;2030;$1.140.000;Fortalecer la seguridad hídrica;La Unión;211
Mejorar la gestión y eficiencia del uso del agua a nivel domiciliario y de espacios públicos en zonas urbanas y rurales;Adaptación;Seguridad Hídrica 1.9;Implementar un programa de monitoreo y mantención de sistemas de riego;Departamento de Medio Ambiente, Aseo y Ornato SECPLAN Desarrollo Rural DIDECO;SEREMI MINVU CONAF COMITéS APRs;Fondos GORE (FNDR, FRIL FIC-R) Fondos SUBDERE - Programa Mejoramiento Urbano y equipamiento comunal (PMU) Fondos MOP (programas específicos del MOP para mejorar la infraestructura hídrica y tecnológica, programa de financiamiento APRs) Fondos propios del municipio;Coordinación con Comités de APR en la comuna y diagnóstico del estado de los mismos, en cuanto al nivel de eficiencia hídrica y pérdidas en los sistemas. Actualización del PRC, urbanizando zonas densamente pobladas con escasez hídrica sin infraestructura de agua potable y alcantarillado. Incorporar en Plan Regulador Intercomunal de Borde Costero las zonas rurales con riesgo de escasez hídrica.;Indicador 1 Porcentaje de viviendas con soluciones implementadas, en base al total identificado. Indicador 2 Ahorro de agua en riego municipal con respecto a la línea base;Programa de monitoreo y mantención disponible;2030;$159.600;Fortalecer la seguridad hídrica;La Unión;212
Aumento del uso sostenible y eficiente de los recursos hídricos en el sector agropecuario;Adaptación;Seguridad Hídrica 2.1;Levantar información y sistematizar listado de productores agrícolas de la comuna en base a tamaño de propietario, con el objetivo de focalizar esfuerzos de apoyo en la postulación a fondos concursables.;Desarrollo Económico;INIA, CONADI, CNR e INDAP Productores agropecuarios;Financiamiento sectorial del Ministerio de Agricultura (INDAP, INIA y CNR), Ministerio de Desarrollo Social y Familia (CONADI), Ministerio de Economía, Fomento y Turismo (CORFO).;Coordinación con productores locales de diversos tamaños, usando las instancias de coordinación existentes o creando nuevas.;Indicador 1 Número de productores con infraestructura de riego eficiente y/o captación de aguas lluvia.;Sistematización de productores por tamaño, localidad y tipo de riego;2030;$3.000.000;Fortalecer la seguridad hídrica;La Unión;212
Aumento del uso sostenible y eficiente de los recursos hídricos en el sector agropecuario;Adaptación;Seguridad Hídrica 2.2;Difundir y asesorar a productores, (en base a tamaño) para la postulación de proyectos de riego tecnificado y captación de aguas lluvia en base a los fondos existentes.;Desarrollo Económico;INIA, CONADI, CNR e INDAP Productores agropecuarios;Financiamiento sectorial del Ministerio de Agricultura (INDAP, INIA y CNR), Ministerio de Desarrollo Social y Familia (CONADI), Ministerio de Economía, Fomento y Turismo (CORFO).;Coordinación con productores locales de diversos tamaños, usando las instancias de coordinación existentes o creando nuevas.;Indicador 1 Número de productores con infraestructura de riego eficiente y/o captación de aguas lluvia.;Registros de actividades de difusión y asesoramiento.;2030;$4.500.000;Fortalecer la seguridad hídrica;La Unión;213
Aumento del uso sostenible y eficiente de los recursos hídricos en el sector agropecuario;Adaptación;Seguridad Hídrica 2.3;Gestión de talleres y charlas informativas de INIA a nivel local sobre "Programas de capacitación en el ámbito de recursos hídricos y riego para asesores técnicos y productores", que incluya soluciones que se adapten al cambio climático, apoyando al menos con la facilitación de lugares y contacto con productores locales.;Desarrollo Económico;INIA, CONADI, CNR e INDAP Productores agropecuarios;Financiamiento sectorial del Ministerio de Agricultura (INDAP, INIA y CNR), Ministerio de Desarrollo Social y Familia (CONADI), Ministerio de Economía, Fomento y Turismo (CORFO).;Coordinación con productores locales de diversos tamaños, usando las instancias de coordinación existentes o creando nuevas.;Indicador 1 Número de productores con infraestructura de riego eficiente y/o captación de aguas lluvia.;Oficio a INIA con solicitud de implementar charlas bajo su programa "Capacitación en Recursos Hídricos";2030;$0;Fortalecer la seguridad hídrica;La Unión;213
Aumento del uso sostenible y eficiente de los recursos hídricos en el sector agropecuario;Adaptación;Seguridad Hídrica 2.4;Solicitar a DGA el monitoreo de extracción de aguas subterráneas sector rural;Desarrollo Económico;INIA, CONADI, CNR e INDAP Productores agropecuarios;Financiamiento sectorial del Ministerio de Agricultura (INDAP, INIA y CNR), Ministerio de Desarrollo Social y Familia (CONADI), Ministerio de Economía, Fomento y Turismo (CORFO).;Coordinación con productores locales de diversos tamaños, usando las instancias de coordinación existentes o creando nuevas.;Indicador 1 Número de productores con infraestructura de riego eficiente y/o captación de aguas lluvia.;Oficio a DGA con solicitud de cumplimiento de la Ley;2030;$0;Fortalecer la seguridad hídrica;La Unión;214
Promover la diversificación de la calefacción en sectores urbanos de la comuna;Mitigación - Adaptación;Energía Sustentable 1.1;Coordinar con la SEREMI de Energía la difusión, y con CONAF el apoyo técnico a productores locales para obtener el sello de calidad.;Fomento Productivo;CONAF SEREMI de Energía SEREMI del Medio Ambiente;Presupuesto sectorial del Ministerio de Energía por medio de sus programas activos Gobierno Regional;Uso del listado disponible en www.sellocalidadlena.cl Coordinación con el área de Dendroenergía de CONAF para dar apoyo técnico a productores que quieran obtener el sello de calidad.;Indicador 1 Porcentaje de productores de leña certificados con el "Sello Calidad de Leña". Indicador 2 Porcentaje de leña comprada por la Municipalidad que cuenta con sello de calidad.;Convenio de colaboración firmado o mesa de trabajo implementada con CONAF y/o SEREMI de Energía;2030;$0;Energía sustentable;La Unión;226
Promover la diversificación de la calefacción en sectores urbanos de la comuna;Mitigación - Adaptación;Energía Sustentable 1.2;Incorporación del Sello de Calidad de Leña (mientras este se encuentre vigente y/o su equivalente) y de origen comunal, como criterio de compra pública de leña para edificios de administración municipal.;Fomento Productivo;CONAF SEREMI de Energía SEREMI del Medio Ambiente;Presupuesto sectorial del Ministerio de Energía por medio de sus programas activos Gobierno Regional;Uso del listado disponible en www.sellocalidadlena.cl Coordinación con el área de Dendroenergía de CONAF para dar apoyo técnico a productores que quieran obtener el sello de calidad.;Indicador 1 Porcentaje de productores de leña certificados con el "Sello Calidad de Leña". Indicador 2 Porcentaje de leña comprada por la Municipalidad que cuenta con sello de calidad.;Criterios de compra incorporados;2030;$0;Energía sustentable;La Unión;226
Promover la diversificación de la calefacción en sectores urbanos de la comuna;Mitigación - Adaptación;Energía Sustentable 1.3;Poner a disposición la información, requisitos y apoyo en la postulación al Fondo Concursable Leña Más Seca de la Agencia de Sostenibilidad Energética para productores locales;Fomento Productivo;CONAF SEREMI de Energía SEREMI del Medio Ambiente;Presupuesto sectorial del Ministerio de Energía por medio de sus programas activos Gobierno Regional;Uso del listado disponible en www.sellocalidadlena.cl Coordinación con el área de Dendroenergía de CONAF para dar apoyo técnico a productores que quieran obtener el sello de calidad.;Indicador 1 Porcentaje de productores de leña certificados con el "Sello Calidad de Leña". Indicador 2 Porcentaje de leña comprada por la Municipalidad que cuenta con sello de calidad.;Publicación en redes sociales o medios de verificación de campaña o talleres realizados;2030;$500.000;Energía sustentable;La Unión;227
Promover la diversificación de la calefacción en sectores urbanos de la comuna;Mitigación - Adaptación;Energía Sustentable 1.4;Poner a disposición para consumidores, el listado de productores locales con certificación de Sello de Calidad en la comuna, a través de diferentes medios de comunicación, tales como medios digitales, prensa escrita, en oficinas presenciales.;Fomento Productivo;CONAF SEREMI de Energía SEREMI del Medio Ambiente;Presupuesto sectorial del Ministerio de Energía por medio de sus programas activos Gobierno Regional;Uso del listado disponible en www.sellocalidadlena.cl Coordinación con el área de Dendroenergía de CONAF para dar apoyo técnico a productores que quieran obtener el sello de calidad.;Indicador 1 Porcentaje de productores de leña certificados con el "Sello Calidad de Leña". Indicador 2 Porcentaje de leña comprada por la Municipalidad que cuenta con sello de calidad.;Listado de productores publicados en los medios locales;2030;$3.000.000;Energía sustentable;La Unión;227
Promover la diversificación de la calefacción en sectores urbanos de la comuna;Mitigación - Adaptación;Energía Sustentable 1.5;Coordinar con Gobierno Regional y/o la SEREMI del Medio Ambiente, la ejecución de un proyecto de recambio de calefactores para la comuna donde se instalen soluciones bajas en emisiones de GEI.;Fomento Productivo;CONAF SEREMI de Energía SEREMI del Medio Ambiente;Presupuesto sectorial del Ministerio de Energía por medio de sus programas activos Gobierno Regional;Uso del listado disponible en www.sellocalidadlena.cl Coordinación con el área de Dendroenergía de CONAF para dar apoyo técnico a productores que quieran obtener el sello de calidad.;Indicador 1 Porcentaje de productores de leña certificados con el "Sello Calidad de Leña". Indicador 2 Porcentaje de leña comprada por la Municipalidad que cuenta con sello de calidad.;Oficio enviado, o mesa de trabajo constituida, o convenio de colaboración establecido.;2030;$0;Energía sustentable;La Unión;228
Promover la aislación térmica en viviendas nuevas y existentes, en sectores urbano y rural;Mitigación;Energía Sustentable 2.1;Establecer un convenio de colaboración o mesa de trabajo con el MINVU que apunte a mejorar la aislación térmica de las viviendas.;Dirección de Desarrollo Comunitario (DIDECO);SEREMI MINVU SERVIU;Fondos sectoriales del MINVU, principalmente a través de su Programa de Protección del Patrimonio Familiar (PPPF) del Ministerio de Vivienda y Urbanismo (MINVU). Programa de Mejoramiento Urbano (PMU) de la Subdere;Coordinación con MINVU a través de Convenio de Colaboración o mesa de trabajo.;Indicador 1 Porcentaje de viviendas en la comuna con subsidio de aislación térmica incorporado;Convenio de colaboración iniciado o mesa de trabajo establecida;2030;$0;Energía sustentable;La Unión;229
Promover la aislación térmica en viviendas nuevas y existentes, en sectores urbano y rural;Mitigación;Energía Sustentable 2.2;Ejecutar campaña de educación en torno a la aislación térmica de viviendas.;Dirección de Desarrollo Comunitario (DIDECO);SEREMI MINVU SERVIU;Fondos sectoriales del MINVU, principalmente a través de su Programa de Protección del Patrimonio Familiar (PPPF) del Ministerio de Vivienda y Urbanismo (MINVU). Programa de Mejoramiento Urbano (PMU) de la Subdere;Coordinación con MINVU a través de Convenio de Colaboración o mesa de trabajo.;Indicador 1 Porcentaje de viviendas en la comuna con subsidio de aislación térmica incorporado;Registro de actividades educativas implementadas;2030;$4.000.000;Energía sustentable;La Unión;229
Promover la aislación térmica en viviendas nuevas y existentes, en sectores urbano y rural;Mitigación;Energía Sustentable 2.3;Evaluar e implementar la inclusión de criterios de eficiencia energética en bases de licitación de proyectos municipales, incluyendo aislación térmica.;Dirección de Desarrollo Comunitario (DIDECO);SEREMI MINVU SERVIU;Fondos sectoriales del MINVU, principalmente a través de su Programa de Protección del Patrimonio Familiar (PPPF) del Ministerio de Vivienda y Urbanismo (MINVU). Programa de Mejoramiento Urbano (PMU) de la Subdere;Coordinación con MINVU a través de Convenio de Colaboración o mesa de trabajo.;Indicador 1 Porcentaje de viviendas en la comuna con subsidio de aislación térmica incorporado;Instructivo interno difundido;2030;$2.500.000;Energía sustentable;La Unión;230
Fomento del uso de modos de transporte no motorizados;Mitigación;Movilidad Sustentable 1.1;Identificar a nivel de perfil de posibles ciclovías a desarrollar en la comuna.;SECPLAN;SEREMI MTT, SERVIU, MOP;GORE para el financiamiento (diseño y/o construcción) de proyectos de ciclovías y/o la instalación de bicicleteros. Se puede evaluar ejecutar un convenio de programación. Serviu para el financiamiento de diseño y/o construcción de ciclovías urbanas. MOP para el financiamiento de diseño y/o construcción de ciclovías interurbanas MINVU a través de financiamiento sectorial. Uso de la Ley de aporte a espacios públicos;Coordinación con SERVIU para trazado de ciclovías. Fomentar los negocios, empresas y/o iniciativas vinculados al ciclismo, dándoles más visibilidad. Fomentar desde la Oficina de Deportes organizando actividades asociadas a estos medios de transporte.;Indicador 1 Porcentaje de viajes realizados en bicicleta y caminata dentro de la comuna.;Estudio de perfil con el trazado y priorización de posibles ciclovías a desarrollar en la comuna.;2027;$10.000.000;Movilidad sostenible;La Unión;239
Fomento del uso de modos de transporte no motorizados;Mitigación;Movilidad Sustentable 1.2;Solicitar financiamiento para el diseño de las principales ciclovías identificadas (arquitectura, ingeniería y especialidades) y/o construcción de estas.;SECPLAN;SEREMI MTT, SERVIU, MOP;GORE para el financiamiento (diseño y/o construcción) de proyectos de ciclovías y/o la instalación de bicicleteros. Se puede evaluar ejecutar un convenio de programación. Serviu para el financiamiento de diseño y/o construcción de ciclovías urbanas. MOP para el financiamiento de diseño y/o construcción de ciclovías interurbanas MINVU a través de financiamiento sectorial. Uso de la Ley de aporte a espacios públicos;Coordinación con SERVIU para trazado de ciclovías. Fomentar los negocios, empresas y/o iniciativas vinculados al ciclismo, dándoles más visibilidad. Fomentar desde la Oficina de Deportes organizando actividades asociadas a estos medios de transporte.;Indicador 1 Porcentaje de viajes realizados en bicicleta y caminata dentro de la comuna.;Solicitud de financiamiento al GORE, Serviu y/o MOP para desarrollar estudio de diseño y/o la construcción de las principales ciclovías identificadas.;2030;$0;Movilidad sostenible;La Unión;240
Fomento del uso de modos de transporte no motorizados;Mitigación;Movilidad Sustentable 1.3;Instalar bicicleteros en sectores estratégicos de la comuna.;SECPLAN;SEREMI MTT, SERVIU, MOP;GORE para el financiamiento (diseño y/o construcción) de proyectos de ciclovías y/o la instalación de bicicleteros. Se puede evaluar ejecutar un convenio de programación. Serviu para el financiamiento de diseño y/o construcción de ciclovías urbanas. MOP para el financiamiento de diseño y/o construcción de ciclovías interurbanas MINVU a través de financiamiento sectorial. Uso de la Ley de aporte a espacios públicos;Coordinación con SERVIU para trazado de ciclovías. Fomentar los negocios, empresas y/o iniciativas vinculados al ciclismo, dándoles más visibilidad. Fomentar desde la Oficina de Deportes organizando actividades asociadas a estos medios de transporte.;Indicador 1 Porcentaje de viajes realizados en bicicleta y caminata dentro de la comuna.;Contrato tramitado con proveedor de bicicleteros.;2027;$5.000.000;Movilidad sostenible;La Unión;240
Fomento del uso de modos de transporte no motorizados;Mitigación;Movilidad Sustentable 1.4;Realizar campañas que inviten a los habitantes de la comuna a usar modos de transporte activos.;SECPLAN;SEREMI MTT, SERVIU, MOP;GORE para el financiamiento (diseño y/o construcción) de proyectos de ciclovías y/o la instalación de bicicleteros. Se puede evaluar ejecutar un convenio de programación. Serviu para el financiamiento de diseño y/o construcción de ciclovías urbanas. MOP para el financiamiento de diseño y/o construcción de ciclovías interurbanas MINVU a través de financiamiento sectorial. Uso de la Ley de aporte a espacios públicos;Coordinación con SERVIU para trazado de ciclovías. Fomentar los negocios, empresas y/o iniciativas vinculados al ciclismo, dándoles más visibilidad. Fomentar desde la Oficina de Deportes organizando actividades asociadas a estos medios de transporte.;Indicador 1 Porcentaje de viajes realizados en bicicleta y caminata dentro de la comuna.;Registros de campaña de comunicación;2030;$3.000.000;Movilidad sostenible;La Unión;241
Fomento del uso de modos de transporte no motorizados;Mitigación;Movilidad Sustentable 1.5;Mejorar la accesibilidad de rutas peatonales, identificando las principales rutas peatonales de la ciudad, evaluando su accesibilidad e identificando las zonas que requieren la instalación de rebajes de vereda.;SECPLAN;SEREMI MTT, SERVIU, MOP;GORE para el financiamiento (diseño y/o construcción) de proyectos de ciclovías y/o la instalación de bicicleteros. Se puede evaluar ejecutar un convenio de programación. Serviu para el financiamiento de diseño y/o construcción de ciclovías urbanas. MOP para el financiamiento de diseño y/o construcción de ciclovías interurbanas MINVU a través de financiamiento sectorial. Uso de la Ley de aporte a espacios públicos;Coordinación con SERVIU para trazado de ciclovías. Fomentar los negocios, empresas y/o iniciativas vinculados al ciclismo, dándoles más visibilidad. Fomentar desde la Oficina de Deportes organizando actividades asociadas a estos medios de transporte.;Indicador 1 Porcentaje de viajes realizados en bicicleta y caminata dentro de la comuna.;Mapa detallado de accesibilidad peatonal desarrollado.;2027;$10.000.000;Movilidad sostenible;La Unión;241
Fomento a la electromovilidad en el sector privado y municipal;Mitigación;Movilidad Sustentable 2.1;Crear mesa de trabajo o convenio de colaboración con empresas de estaciones de servicio o distribuidoras de electricidad, para la instalación de puntos de carga de vehículos eléctricos disponibles al público.;SECPLAN;Privados, Gobierno Regional, SEREMI Energía;Financiamiento privado. Financiamiento sectorial desde la SUBDERE, Ministerio de Transporte y Telecomunicaciones. Financiamiento regional desde el GORE y presupuesto municipal.;Coordinación con SEREMI de Energía y empresas de estaciones de servicios y/o distribuidora eléctrica local para instalación de un punto de carga.;Indicador 1 Cantidad de cargadores instalados en la comuna.;Mesa de trabajo establecida o convenio de colaboración firmado.;2025;$0;Movilidad sostenible;La Unión;242
Fomento a la electromovilidad en el sector privado y municipal;Mitigación;Movilidad Sustentable 2.2;Generar un plan de recambio de flota vehicular municipal por vehículos eléctricos o híbridos.;SECPLAN;Privados, Gobierno Regional, SEREMI Energía;Financiamiento privado. Financiamiento sectorial desde la SUBDERE, Ministerio de Transporte y Telecomunicaciones. Financiamiento regional desde el GORE y presupuesto municipal.;Coordinación con SEREMI de Energía y empresas de estaciones de servicios y/o distribuidora eléctrica local para instalación de un punto de carga.;Indicador 1 Cantidad de cargadores instalados en la comuna.;Plan presentado a Concejo para aprobación;2027;$0;Movilidad sostenible;La Unión;242
Aumentar la valorización de residuos orgánicos generados a nivel municipal;Mitigación;Economía circular 1.1;Identificar proyectos de otras instituciones que pudiesen ser postulados desde la comuna para financiar los sistemas de compostaje.;Medio ambiente, Aseo y Ornato;Gobierno Regional; Subdere;Presupuesto sectorial de la Subsecretaría de Desarrollo Regional a través de su Programa de Mejoramiento de Barrios (PMB) Gobierno Regional a través del FNDR o del Fondo Regional de Interés Local (FRIL) Presupuesto sectorial del Ministerio del Medio Ambiente a través de su Fondo para el Reciclaje (FPR);Educación sobre el buen uso de las composteras y el seguimiento a los usuarios es crítico para el éxito de la medida. Identificación de los principales generadores de residuos orgánicos y coordinación para que entreguen sus residuos. Identificación y coordinación de instancias para el uso del compost.;Indicador 1 Cantidad de residuos orgánicos valorizados;Listado de fuentes de financiamiento identificadas.;2025;$10.000.000;Economía circular;La Unión;253
Aumentar la valorización de residuos orgánicos generados a nivel municipal;Mitigación;Economía circular 1.2;Seleccionar los proyectos a ejecutar, evaluando la pertinencia de las escalas de compostaje: doméstica, comunitaria o comunal.;Medio ambiente, Aseo y Ornato;Gobierno Regional; Subdere;Presupuesto sectorial de la Subsecretaría de Desarrollo Regional a través de su Programa de Mejoramiento de Barrios (PMB) Gobierno Regional a través del FNDR o del Fondo Regional de Interés Local (FRIL) Presupuesto sectorial del Ministerio del Medio Ambiente a través de su Fondo para el Reciclaje (FPR);Educación sobre el buen uso de las composteras y el seguimiento a los usuarios es crítico para el éxito de la medida. Identificación de los principales generadores de residuos orgánicos y coordinación para que entreguen sus residuos. Identificación y coordinación de instancias para el uso del compost.;Indicador 1 Cantidad de residuos orgánicos valorizados;Informe con proyectos seleccionados con su respectiva escala.;2026;$0;Economía circular;La Unión;253
Aumentar la valorización de residuos orgánicos generados a nivel municipal;Mitigación;Economía circular 1.3;Ejecutar los proyectos, incluyendo instancias de educación y sensibilización a los usuarios, con seguimiento de al menos un año.;Medio ambiente, Aseo y Ornato;Gobierno Regional; Subdere;Presupuesto sectorial de la Subsecretaría de Desarrollo Regional a través de su Programa de Mejoramiento de Barrios (PMB) Gobierno Regional a través del FNDR o del Fondo Regional de Interés Local (FRIL) Presupuesto sectorial del Ministerio del Medio Ambiente a través de su Fondo para el Reciclaje (FPR);Educación sobre el buen uso de las composteras y el seguimiento a los usuarios es crítico para el éxito de la medida. Identificación de los principales generadores de residuos orgánicos y coordinación para que entreguen sus residuos. Identificación y coordinación de instancias para el uso del compost.;Indicador 1 Cantidad de residuos orgánicos valorizados;Contratos, convenios de colaboración, u otro documento que dé cuenta del inicio de los proyectos.;2030;$5.000.000;Economía circular;La Unión;254
Aumentar la valorización de residuos orgánicos generados a nivel municipal;Mitigación;Economía circular 1.4;Coordinar con la comunidad educativa para la ejecución de proyectos de compostaje, incluyendo la sensibilización de la comunidad educativa.;Medio ambiente, Aseo y Ornato;Gobierno Regional; Subdere;Presupuesto sectorial de la Subsecretaría de Desarrollo Regional a través de su Programa de Mejoramiento de Barrios (PMB) Gobierno Regional a través del FNDR o del Fondo Regional de Interés Local (FRIL) Presupuesto sectorial del Ministerio del Medio Ambiente a través de su Fondo para el Reciclaje (FPR);Educación sobre el buen uso de las composteras y el seguimiento a los usuarios es crítico para el éxito de la medida. Identificación de los principales generadores de residuos orgánicos y coordinación para que entreguen sus residuos. Identificación y coordinación de instancias para el uso del compost.;Indicador 1 Cantidad de residuos orgánicos valorizados;Actas de reuniones.;2030;$3.000.000;Economía circular;La Unión;254
Aumentar la valorización de residuos orgánicos generados a nivel municipal;Mitigación;Economía circular 1.5;Generar las instancias para el aprovechamiento del compost por terceros a través de convenios o contratos, o por la misma Municipalidad.;Medio ambiente, Aseo y Ornato;Gobierno Regional; Subdere;Presupuesto sectorial de la Subsecretaría de Desarrollo Regional a través de su Programa de Mejoramiento de Barrios (PMB) Gobierno Regional a través del FNDR o del Fondo Regional de Interés Local (FRIL) Presupuesto sectorial del Ministerio del Medio Ambiente a través de su Fondo para el Reciclaje (FPR);Educación sobre el buen uso de las composteras y el seguimiento a los usuarios es crítico para el éxito de la medida. Identificación de los principales generadores de residuos orgánicos y coordinación para que entreguen sus residuos. Identificación y coordinación de instancias para el uso del compost.;Indicador 1 Cantidad de residuos orgánicos valorizados;Convenios o contratos firmados, y/o registro del uso del compost por parte de la Municipalidad.;2027;;Economía circular;La Unión;255
Aumentar la valorización de residuos orgánicos generados a nivel municipal;Mitigación;Economía circular 1.6;Realizar ciclo de charlas para concientizar a la población respecto a la correcta disposición de residuos y el compostaje como alternativa de valorización de materia orgánica, en cumplimiento de la acción "Ciclo de charlas sobre residuos" de la "Línea 3. Mejorar gestión de residuos" de la Estrategia Ambiental Comunal.;Medio ambiente, Aseo y Ornato;Gobierno Regional; Subdere;Presupuesto sectorial de la Subsecretaría de Desarrollo Regional a través de su Programa de Mejoramiento de Barrios (PMB) Gobierno Regional a través del FNDR o del Fondo Regional de Interés Local (FRIL) Presupuesto sectorial del Ministerio del Medio Ambiente a través de su Fondo para el Reciclaje (FPR);Educación sobre el buen uso de las composteras y el seguimiento a los usuarios es crítico para el éxito de la medida. Identificación de los principales generadores de residuos orgánicos y coordinación para que entreguen sus residuos. Identificación y coordinación de instancias para el uso del compost.;Indicador 1 Cantidad de residuos orgánicos valorizados;Presentación en pdf y lista de registro de participantes.;2026;;Economía circular;La Unión;255
Aumentar la valorización de residuos orgánicos generados a nivel municipal;Mitigación;Economía circular 1.7;Fiscalización municipal de la correcta disposición de residuos orgánicos, incluyendo a empresas.;Medio ambiente, Aseo y Ornato;Gobierno Regional; Subdere;Presupuesto sectorial de la Subsecretaría de Desarrollo Regional a través de su Programa de Mejoramiento de Barrios (PMB) Gobierno Regional a través del FNDR o del Fondo Regional de Interés Local (FRIL) Presupuesto sectorial del Ministerio del Medio Ambiente a través de su Fondo para el Reciclaje (FPR);Educación sobre el buen uso de las composteras y el seguimiento a los usuarios es crítico para el éxito de la medida. Identificación de los principales generadores de residuos orgánicos y coordinación para que entreguen sus residuos. Identificación y coordinación de instancias para el uso del compost.;Indicador 1 Cantidad de residuos orgánicos valorizados;Cumplimiento del esquema de fiscalización.;2030;;Economía circular;La Unión;256
Elaborar un plan para reducir pérdidas y desperdicios de alimentos;Mitigación;Economía Circular 2.1;Implementar una campaña de difusión y concientización respecto al desperdicio de alimentos, enfocándose en instituciones clave como colegios y casinos.;Departamento de Medio ambiente, Aseo y Ornato. DAEM;Asociación de Municipalidades de la Región de Los Ríos para el Manejo Sustentable de Residuos y la Gestión Ambiental Establecimientos educacionales Sector privado JUNAEB JUNJI;Presupuesto municipal Gobierno Regional Fondos Elige Vivir Sano del Ministerio de Desarrollo Social;Acciones de coordinación con generadores de desperdicios de alimentos Coordinación con Ministerio de Desarrollo Social para Banco de Alimentos (trabajado en conjunto con Corporación Observatorio del Mercado Alimentario (Codema) y la Asociación Chilena de Organizaciones de Ferias Libres (ASOF));Indicador 1 Cantidad de alimentos recuperados o revalorizados;Registros de la campaña ejecutada;2030;$3.000.000;Economía circular;La Unión;257
Elaborar un plan para reducir pérdidas y desperdicios de alimentos;Mitigación;Economía Circular 2.2;Coordinar con restaurantes y servicios turísticos de la comuna para que tengan desperdicio cero de alimentos.;Departamento de Medio ambiente, Aseo y Ornato. DAEM;Asociación de Municipalidades de la Región de Los Ríos para el Manejo Sustentable de Residuos y la Gestión Ambiental Establecimientos educacionales Sector privado JUNAEB JUNJI;Presupuesto municipal Gobierno Regional Fondos Elige Vivir Sano del Ministerio de Desarrollo Social;Acciones de coordinación con generadores de desperdicios de alimentos Coordinación con Ministerio de Desarrollo Social para Banco de Alimentos (trabajado en conjunto con Corporación Observatorio del Mercado Alimentario (Codema) y la Asociación Chilena de Organizaciones de Ferias Libres (ASOF));Indicador 1 Cantidad de alimentos recuperados o revalorizados;Actas de reuniones, mesas de trabajo establecidas, o convenios de colaboración firmados.;2030;$2.500.000;Economía circular;La Unión;257
Elaborar un plan para reducir pérdidas y desperdicios de alimentos;Mitigación;Economía Circular 2.3;Implementar medidas para que los casinos de jardines infantiles, escuelas y otros edificios públicos implementen una política de desperdicio cero de alimentos.;Departamento de Medio ambiente, Aseo y Ornato. DAEM;Asociación de Municipalidades de la Región de Los Ríos para el Manejo Sustentable de Residuos y la Gestión Ambiental Establecimientos educacionales Sector privado JUNAEB JUNJI;Presupuesto municipal Gobierno Regional Fondos Elige Vivir Sano del Ministerio de Desarrollo Social;Acciones de coordinación con generadores de desperdicios de alimentos Coordinación con Ministerio de Desarrollo Social para Banco de Alimentos (trabajado en conjunto con Corporación Observatorio del Mercado Alimentario (Codema) y la Asociación Chilena de Organizaciones de Ferias Libres (ASOF));Indicador 1 Cantidad de alimentos recuperados o revalorizados;Actas de reuniones, mesas de trabajo establecidas, o convenios de colaboración firmados.;2030;$0;Economía circular;La Unión;257
Elaborar un plan para reducir pérdidas y desperdicios de alimentos;Mitigación;Economía Circular 2.4;Coordinar con Ministerio de Desarrollo Social para ampliar la implementación de banco de alimentos comunal, considerando colaboración con ferias libres y supermercados.;Departamento de Medio ambiente, Aseo y Ornato. DAEM;Asociación de Municipalidades de la Región de Los Ríos para el Manejo Sustentable de Residuos y la Gestión Ambiental Establecimientos educacionales Sector privado JUNAEB JUNJI;Presupuesto municipal Gobierno Regional Fondos Elige Vivir Sano del Ministerio de Desarrollo Social;Acciones de coordinación con generadores de desperdicios de alimentos Coordinación con Ministerio de Desarrollo Social para Banco de Alimentos (trabajado en conjunto con Corporación Observatorio del Mercado Alimentario (Codema) y la Asociación Chilena de Organizaciones de Ferias Libres (ASOF));Indicador 1 Cantidad de alimentos recuperados o revalorizados;Actas de reuniones, mesas de trabajo establecidas, o convenios de colaboración firmados.;2030;$0;Economía circular;La Unión;258
Medida de fortalecimiento para la agenda climática del Municipio;Transversal;Transversal 1;Abogar por la creación de un Convenio de Programación Territorial con el Gobierno Regional, que incorpore los objetivos descritos en la medida.;SECPLAN;Gobierno Regional;Presupuesto municipal y del Gobierno Regional;Creación de Convenio de Programación Territorial con el GORE de carácter plurianual, estableciendo presupuestos y objetivos por el plazo establecido en el PACCC.;Indicador Convenio de Programación Territorial con el Gobierno Regional aprobado por resolución.;Oficio enviado al GORE.;2025;;Medida Transversal;La Unión;262
Medida de fortalecimiento para la agenda climática del Municipio;Transversal;Transversal 2;Continuar con el convenio con el Ministerio del Medio Ambiente en su programa de certificación ambiental municipal.;SECPLAN;Gobierno Regional;Presupuesto municipal y del Gobierno Regional;Creación de Convenio de Programación Territorial con el GORE de carácter plurianual, estableciendo presupuestos y objetivos por el plazo establecido en el PACCC.;Indicador Convenio de Programación Territorial con el Gobierno Regional aprobado por resolución.;Convenio vigente;2030;;Medida Transversal;La Unión;262